{
    "loss": 0.44049155712127686,
    "accuracy": 0.8879310488700867
}