{
    "loss": 0.5706546306610107,
    "accuracy": 0.9482758641242981
}